"","origin_country_iso_code","destination_country_iso_code","scaling_factor"
"1","DZA","AUT",0.571428571428571
"2","DZA","BEL",0.157894736842105
"3","DZA","FRA",0.165217391304348
"4","DZA","DEU",0.297297297297297
"5","DZA","ITA",0.106060606060606
"6","DZA","PRT",0.25
"7","DZA","QAT",0.214285714285714
"8","DZA","RUS",0.25
"9","DZA","ESP",0.0337837837837838
"10","DZA","CHE",0.222222222222222
"11","DZA","TUR",1
"12","ARG","BEL",1
"13","ARG","BOL",0.103448275862069
"14","ARG","BRA",0.108958837772397
"15","ARG","FRA",0.275862068965517
"16","ARG","NLD",0.727272727272727
"17","ARG","PER",0.2
"18","ARG","ESP",0.0920245398773006
"19","ARG","CHE",0.428571428571429
"20","ARG","GBR",0.285714285714286
"21","ARG","USA",0.246445497630332
"22","AUS","BRN",0.219512195121951
"23","AUS","CHN",0.478260869565217
"24","AUS","DEU",0.12
"25","AUS","HKG",0.415778251599147
"26","AUS","IND",0.116666666666667
"27","AUS","JPN",0.235849056603774
"28","AUS","MYS",0.174757281553398
"29","AUS","NZL",0.119447779111645
"30","AUS","PHL",0.103896103896104
"31","AUS","QAT",0.75
"32","AUS","SGP",0.733160621761658
"33","AUS","KOR",0.339449541284404
"34","AUS","TWN",0.92
"35","AUS","THA",0.120689655172414
"36","AUS","ARE",0.246411483253589
"37","AUS","GBR",0.0493827160493827
"38","AUS","USA",0.479253112033195
"39","AUT","BEL",1
"40","AUT","BGR",1
"41","AUT","HRV",0.188405797101449
"42","AUT","CYP",1
"43","AUT","CZE",0.925925925925926
"44","AUT","DNK",0.366666666666667
"45","AUT","EST",0.0588235294117647
"46","AUT","FIN",0.4375
"47","AUT","FRA",0.398514851485149
"48","AUT","DEU",0.474002849002849
"49","AUT","GRC",0.540350877192982
"50","AUT","HUN",0.7
"51","AUT","ISL",0.8
"52","AUT","IRL",0.362068965517241
"53","AUT","ISR",0.27007299270073
"54","AUT","ITA",0.689167974882261
"55","AUT","JEY",0.333333333333333
"56","AUT","LVA",0.604166666666667
"57","AUT","LTU",0.75
"58","AUT","LUX",0.563829787234043
"59","AUT","MLT",1
"60","AUT","NLD",0.497206703910615
"61","AUT","NOR",0.272727272727273
"62","AUT","POL",0.83206106870229
"63","AUT","PRT",0.886363636363636
"64","AUT","QAT",0.397058823529412
"65","AUT","ROU",1
"66","AUT","RUS",0.189393939393939
"67","AUT","SRB",0.195121951219512
"68","AUT","SVK",1
"69","AUT","SVN",1
"70","AUT","ESP",0.544468546637744
"71","AUT","SWE",0.19620253164557
"72","AUT","CHE",0.579520697167756
"73","AUT","TWN",0.323529411764706
"74","AUT","THA",0.183333333333333
"75","AUT","TUR",1
"76","AUT","UKR",0.405940594059406
"77","AUT","ARE",0.333333333333333
"78","AUT","GBR",0.275797373358349
"79","AUT","USA",0.36986301369863
"80","BHR","BEL",1
"81","BHR","FRA",0.214285714285714
"82","BHR","DEU",1
"83","BHR","GRC",0.368421052631579
"84","BHR","HKG",1
"85","BHR","IND",0.124444444444444
"86","BHR","ISR",1
"87","BHR","ITA",0.3125
"88","BHR","KWT",1
"89","BHR","LBN",0.517241379310345
"90","BHR","PAK",0.0434782608695652
"91","BHR","PHL",0.611111111111111
"92","BHR","QAT",0.55
"93","BHR","SAU",0.144827586206897
"94","BHR","ESP",0.2
"95","BHR","THA",0.0769230769230769
"96","BHR","TUR",0.0483870967741935
"97","BHR","ARE",0.30952380952381
"98","BHR","GBR",0.229885057471264
"99","BGD","IND",1
"100","BGD","MYS",1
"101","BGD","QAT",1
"102","BGD","ARE",1
"103","BRB","BRA",0.333333333333333
"104","BRB","CAN",0.133333333333333
"105","BRB","LCA",0.0625
"106","BRB","VCT",0.140625
"107","BRB","USA",0.188235294117647
"108","BLR","FRA",1
"109","BLR","ITA",1
"110","BLR","LVA",1
"111","BLR","NLD",1
"112","BLR","RUS",1
"113","BLR","SRB",1
"114","BLR","ESP",1
"115","BLR","UKR",1
"116","BEL","DZA",0.05
"117","BEL","AUT",0.646408839779006
"118","BEL","BIH",1
"119","BEL","CAN",0.169811320754717
"120","BEL","HRV",0.220338983050847
"121","BEL","CYP",1
"122","BEL","CZE",0.307142857142857
"123","BEL","DNK",0.216981132075472
"124","BEL","EST",0.166666666666667
"125","BEL","FIN",0.344086021505376
"126","BEL","FRA",0.592651757188498
"127","BEL","DEU",0.54468085106383
"128","BEL","GRC",0.334494773519164
"129","BEL","HKG",0.342857142857143
"130","BEL","HUN",0.461538461538462
"131","BEL","ISL",0.607142857142857
"132","BEL","IND",0.428571428571429
"133","BEL","IRL",0.433566433566434
"134","BEL","ISR",0.565217391304348
"135","BEL","ITA",0.439446366782007
"136","BEL","JPN",1
"137","BEL","LVA",0.288461538461538
"138","BEL","LBN",0.5
"139","BEL","LUX",1
"140","BEL","MLT",0.574468085106383
"141","BEL","MAR",0.263157894736842
"142","BEL","NLD",1
"143","BEL","NOR",0.386363636363636
"144","BEL","POL",0.444444444444444
"145","BEL","PRT",0.583617747440273
"146","BEL","QAT",1
"147","BEL","ROU",1
"148","BEL","RUS",0.227642276422764
"149","BEL","SRB",0.157894736842105
"150","BEL","SVK",0.0526315789473684
"151","BEL","SVN",0.260869565217391
"152","BEL","ZAF",1
"153","BEL","KOR",0.4
"154","BEL","ESP",0.412993039443155
"155","BEL","SWE",0.382716049382716
"156","BEL","CHE",0.162729658792651
"157","BEL","TUR",0.795454545454545
"158","BEL","UKR",0.0697674418604651
"159","BEL","ARE",0.59375
"160","BEL","GBR",0.422330097087379
"161","BEL","USA",0.690721649484536
"162","BLZ","USA",1
"163","BMU","BRB",1
"164","BMU","CAN",0.34375
"165","BMU","CHE",1
"166","BMU","GBR",0.571428571428571
"167","BMU","USA",0.521739130434783
"168","BOL","ARG",0.107142857142857
"169","BOL","BRA",0.142857142857143
"170","BOL","ESP",0.162162162162162
"171","BOL","USA",0.482758620689655
"172","BIH","SWE",0.333333333333333
"173","BRA","ARG",0.129817444219067
"174","BRA","BEL",0.25
"175","BRA","BOL",0.142857142857143
"176","BRA","CAN",0.333333333333333
"177","BRA","FRA",0.414893617021277
"178","BRA","DEU",0.80952380952381
"179","BRA","IRL",0.625
"180","BRA","ITA",0.0465116279069767
"181","BRA","LUX",1
"182","BRA","NLD",1
"183","BRA","PER",0.25
"184","BRA","PRT",0.461538461538462
"185","BRA","QAT",1
"186","BRA","ESP",0.16260162601626
"187","BRA","CHE",0.387096774193548
"188","BRA","TUR",1
"189","BRA","ARE",0.588235294117647
"190","BRA","GBR",0.672131147540984
"191","BRA","USA",0.385826771653543
"192","BRN","AUS",0.195652173913043
"193","BRN","DEU",1
"194","BRN","HKG",0.172413793103448
"195","BRN","MYS",0.0541871921182266
"196","BRN","PHL",0.0930232558139535
"197","BRN","SGP",0.416666666666667
"198","BRN","THA",0.0714285714285714
"199","BRN","ARE",0.0714285714285714
"200","BRN","GBR",0.0357142857142857
"201","BGR","AUT",0.739130434782609
"202","BGR","BEL",0.75
"203","BGR","CZE",0.19047619047619
"204","BGR","FRA",0.111111111111111
"205","BGR","DEU",0.252032520325203
"206","BGR","ISR",0.954545454545455
"207","BGR","ITA",0.125
"208","BGR","LUX",1
"209","BGR","NLD",1
"210","BGR","POL",0.326530612244898
"211","BGR","RUS",0.0169491525423729
"212","BGR","TUR",1
"213","BGR","GBR",0.625
"214","CAN","AUS",0.197183098591549
"215","CAN","AUT",0.0357142857142857
"216","CAN","BRB",0.256410256410256
"217","CAN","BEL",0.280701754385965
"218","CAN","BMU",0.428571428571429
"219","CAN","BRA",0.419354838709677
"220","CAN","CRI",0.2
"221","CAN","DNK",0.161290322580645
"222","CAN","FRA",0.413793103448276
"223","CAN","DEU",0.292626728110599
"224","CAN","GRC",0.168539325842697
"225","CAN","HKG",0.335195530726257
"226","CAN","ISL",0.0493827160493827
"227","CAN","IND",1
"228","CAN","IRL",0.0888888888888889
"229","CAN","ISR",0.315789473684211
"230","CAN","ITA",0.0723981900452489
"231","CAN","JPN",0.3
"232","CAN","LVA",1
"233","CAN","LUX",1
"234","CAN","MEX",1
"235","CAN","NLD",0.431034482758621
"236","CAN","PER",1
"237","CAN","PHL",0.3
"238","CAN","POL",0.274193548387097
"239","CAN","PRT",0.451612903225806
"240","CAN","QAT",1
"241","CAN","KOR",0.636363636363636
"242","CAN","ESP",0.115942028985507
"243","CAN","SWE",0.2
"244","CAN","CHE",0.474576271186441
"245","CAN","TWN",0.564814814814815
"246","CAN","TUR",1
"247","CAN","UKR",0.333333333333333
"248","CAN","ARE",0.74
"249","CAN","GBR",0.228571428571429
"250","CAN","USA",0.18135483273098
"251","CHN","AUS",1
"252","CHN","BEL",0.142857142857143
"253","CHN","CAN",0.153846153846154
"254","CHN","FRA",0.2
"255","CHN","DEU",0.233333333333333
"256","CHN","HKG",0.212765957446809
"257","CHN","IND",0.888888888888889
"258","CHN","ISR",1
"259","CHN","ITA",0.4375
"260","CHN","JPN",0.448275862068966
"261","CHN","MAC",1
"262","CHN","MYS",0.288888888888889
"263","CHN","NLD",1
"264","CHN","NZL",0.0833333333333333
"265","CHN","PHL",0.356164383561644
"266","CHN","QAT",0.222222222222222
"267","CHN","RUS",0.477611940298507
"268","CHN","SGP",1
"269","CHN","ZAF",0.8
"270","CHN","KOR",0.293103448275862
"271","CHN","ESP",0.133333333333333
"272","CHN","TWN",0.216216216216216
"273","CHN","THA",0.0964285714285714
"274","CHN","TUR",1
"275","CHN","ARE",0.5
"276","CHN","GBR",0.0303030303030303
"277","CHN","USA",0.835051546391753
"278","CRI","CAN",0.2
"279","CRI","DEU",0.875
"280","CRI","MEX",1
"281","CRI","ESP",0.916666666666667
"282","CRI","USA",0.680451127819549
"283","HRV","AUT",0.307692307692308
"284","HRV","BEL",0.456140350877193
"285","HRV","CZE",0.6
"286","HRV","DNK",0.8125
"287","HRV","FRA",0.788732394366197
"288","HRV","DEU",0.664850136239782
"289","HRV","GRC",0.416666666666667
"290","HRV","HUN",0.333333333333333
"291","HRV","IRL",0.346153846153846
"292","HRV","ISR",0.391304347826087
"293","HRV","ITA",0.846153846153846
"294","HRV","LUX",1
"295","HRV","NLD",0.851851851851852
"296","HRV","POL",1
"297","HRV","PRT",0.117647058823529
"298","HRV","QAT",0.0892857142857143
"299","HRV","ROU",0.166666666666667
"300","HRV","RUS",0.128571428571429
"301","HRV","SRB",0.833333333333333
"302","HRV","SVK",0.333333333333333
"303","HRV","SVN",0.5
"304","HRV","ESP",0.333333333333333
"305","HRV","SWE",0.0869565217391304
"306","HRV","CHE",0.707692307692308
"307","HRV","UKR",1
"308","HRV","GBR",0.27906976744186
"309","HRV","USA",0.5
"310","CYP","AUT",1
"311","CYP","BEL",1
"312","CYP","HRV",1
"313","CYP","CZE",1
"314","CYP","EST",1
"315","CYP","DEU",1
"316","CYP","GRC",1
"317","CYP","HUN",1
"318","CYP","IRL",1
"319","CYP","ISR",1
"320","CYP","ITA",0.75
"321","CYP","LVA",1
"322","CYP","LBN",1
"323","CYP","NLD",1
"324","CYP","POL",1
"325","CYP","ROU",1
"326","CYP","RUS",1
"327","CYP","SRB",1
"328","CYP","SVK",1
"329","CYP","SWE",1
"330","CYP","UKR",1
"331","CYP","GBR",1
"332","CZE","AUT",1
"333","CZE","BEL",0.650793650793651
"334","CZE","BGR",1
"335","CZE","CAN",0.5
"336","CZE","HRV",0.684210526315789
"337","CZE","CYP",1
"338","CZE","DNK",0.541666666666667
"339","CZE","FIN",0.32
"340","CZE","FRA",0.620320855614973
"341","CZE","DEU",0.820058997050148
"342","CZE","GRC",0.310924369747899
"343","CZE","HUN",0.680851063829787
"344","CZE","IRL",0.461538461538462
"345","CZE","ISR",0.0555555555555556
"346","CZE","ITA",0.63855421686747
"347","CZE","JEY",1
"348","CZE","LVA",0.241379310344828
"349","CZE","LBN",0.333333333333333
"350","CZE","LTU",1
"351","CZE","LUX",0.133333333333333
"352","CZE","MLT",1
"353","CZE","NLD",1
"354","CZE","NOR",0.03125
"355","CZE","POL",1
"356","CZE","PRT",0.432432432432432
"357","CZE","QAT",0.833333333333333
"358","CZE","ROU",1
"359","CZE","RUS",0.0754716981132075
"360","CZE","SRB",1
"361","CZE","SVK",1
"362","CZE","SVN",1
"363","CZE","ESP",0.853146853146853
"364","CZE","SWE",0.409090909090909
"365","CZE","CHE",0.525773195876289
"366","CZE","TUR",0.9375
"367","CZE","UKR",1
"368","CZE","ARE",0.421052631578947
"369","CZE","GBR",0.750865051903114
"370","CZE","USA",0.117647058823529
"371","DNK","AUT",0.397260273972603
"372","DNK","BEL",0.328947368421053
"373","DNK","CAN",0.137931034482759
"374","DNK","HRV",1
"375","DNK","CZE",0.30327868852459
"376","DNK","EST",0.297297297297297
"377","DNK","FIN",0.202453987730061
"378","DNK","FRA",0.422279792746114
"379","DNK","DEU",0.54061135371179
"380","DNK","GRC",0.235955056179775
"381","DNK","HUN",0.310344827586207
"382","DNK","ISL",0.455555555555556
"383","DNK","IRL",0.188235294117647
"384","DNK","ITA",0.302059496567506
"385","DNK","LVA",0.479166666666667
"386","DNK","LBN",0.75
"387","DNK","LTU",1
"388","DNK","LUX",0.0769230769230769
"389","DNK","MLT",0.137931034482759
"390","DNK","NLD",0.814814814814815
"391","DNK","NOR",0.383064516129032
"392","DNK","POL",0.476315789473684
"393","DNK","PRT",0.389473684210526
"394","DNK","QAT",0.684931506849315
"395","DNK","ROU",1
"396","DNK","RUS",0.0526315789473684
"397","DNK","SRB",0.269230769230769
"398","DNK","SGP",1
"399","DNK","ESP",0.4688995215311
"400","DNK","SWE",0.366164542294322
"401","DNK","CHE",0.625
"402","DNK","THA",0.1
"403","DNK","TUR",0.833333333333333
"404","DNK","UKR",0.5
"405","DNK","ARE",0.476190476190476
"406","DNK","GBR",0.295519542421354
"407","DNK","USA",0.388349514563107
"408","ECU","NLD",0.0909090909090909
"409","ECU","USA",0.428571428571429
"410","EST","AUT",0.1875
"411","EST","BEL",0.0333333333333333
"412","EST","CYP",1
"413","EST","CZE",1
"414","EST","DNK",0.319444444444444
"415","EST","FIN",0.70440251572327
"416","EST","FRA",0.176470588235294
"417","EST","DEU",0.648
"418","EST","ITA",0.25
"419","EST","LVA",0.6
"420","EST","LTU",1
"421","EST","NLD",0.103448275862069
"422","EST","NOR",0.404255319148936
"423","EST","POL",1
"424","EST","RUS",0.194029850746269
"425","EST","ESP",0.333333333333333
"426","EST","SWE",0.130177514792899
"427","EST","CHE",1
"428","EST","GBR",0.779661016949153
"429","FIN","AUT",0.340425531914894
"430","FIN","BEL",0.631578947368421
"431","FIN","CZE",0.135135135135135
"432","FIN","DNK",0.198757763975155
"433","FIN","EST",0.732919254658385
"434","FIN","FRA",0.421052631578947
"435","FIN","DEU",0.355450236966825
"436","FIN","GRC",0.028735632183908
"437","FIN","HKG",0.160714285714286
"438","FIN","HUN",0.209302325581395
"439","FIN","IRL",0.263157894736842
"440","FIN","ITA",0.195804195804196
"441","FIN","JPN",0.65
"442","FIN","LVA",0.413919413919414
"443","FIN","LTU",1
"444","FIN","MLT",0.166666666666667
"445","FIN","NLD",0.67479674796748
"446","FIN","NOR",0.191780821917808
"447","FIN","POL",0.133333333333333
"448","FIN","QAT",0.527272727272727
"449","FIN","RUS",0.0859106529209622
"450","FIN","SGP",0.5
"451","FIN","SVK",1
"452","FIN","KOR",0.857142857142857
"453","FIN","ESP",0.0793650793650794
"454","FIN","SWE",0.241584158415842
"455","FIN","CHE",0.350515463917526
"456","FIN","THA",0.363636363636364
"457","FIN","GBR",0.264984227129338
"458","FIN","USA",0.217948717948718
"459","FRA","DZA",0.15625
"460","FRA","ARG",0.310344827586207
"461","FRA","AUT",0.413793103448276
"462","FRA","BHR",0.2
"463","FRA","BEL",0.913705583756345
"464","FRA","BRA",0.391304347826087
"465","FRA","CAN",0.43448275862069
"466","FRA","CHN",0.05
"467","FRA","HRV",0.73972602739726
"468","FRA","CZE",0.445692883895131
"469","FRA","DNK",0.423592493297587
"470","FRA","EST",0.157894736842105
"471","FRA","FIN",0.382716049382716
"472","FRA","DEU",0.528565198430004
"473","FRA","GRC",0.358516483516484
"474","FRA","GGY",0.444444444444444
"475","FRA","HKG",0.0574712643678161
"476","FRA","HUN",0.377622377622378
"477","FRA","ISL",0.113207547169811
"478","FRA","IND",0.648
"479","FRA","IRL",0.334669338677355
"480","FRA","ISR",0.245901639344262
"481","FRA","ITA",0.412940748818611
"482","FRA","JPN",0.362745098039216
"483","FRA","JEY",0.222222222222222
"484","FRA","JOR",0.0526315789473684
"485","FRA","LVA",0.0862068965517241
"486","FRA","LBN",0.927272727272727
"487","FRA","LTU",1
"488","FRA","LUX",0.505747126436782
"489","FRA","MLT",0.537974683544304
"490","FRA","MAR",1
"491","FRA","NLD",0.747603833865815
"492","FRA","NOR",0.150259067357513
"493","FRA","POL",0.426426426426426
"494","FRA","PRT",0.947667804323094
"495","FRA","QAT",1
"496","FRA","ROU",1
"497","FRA","RUS",0.0862422997946612
"498","FRA","SAU",0.146341463414634
"499","FRA","SRB",0.194444444444444
"500","FRA","SGP",1
"501","FRA","SVK",0.153846153846154
"502","FRA","SVN",1
"503","FRA","ZAF",0.638888888888889
"504","FRA","KOR",0.454545454545455
"505","FRA","ESP",0.485820895522388
"506","FRA","SWE",0.432525951557093
"507","FRA","CHE",0.562103354487761
"508","FRA","TWN",0.4
"509","FRA","THA",0.48780487804878
"510","FRA","TUN",0.476190476190476
"511","FRA","TUR",1
"512","FRA","UKR",0.228346456692913
"513","FRA","ARE",0.694063926940639
"514","FRA","GBR",0.412472647702407
"515","FRA","USA",0.357825128581925
"516","FRA","UZB",1
"517","PYF","USA",0.493333333333333
"518","DEU","DZA",0.344827586206897
"519","DEU","AUT",0.478414720452937
"520","DEU","BHR",0.859649122807018
"521","DEU","BEL",0.883333333333333
"522","DEU","BRA",1
"523","DEU","BGR",0.346153846153846
"524","DEU","CAN",0.327868852459016
"525","DEU","CHN",0.806451612903226
"526","DEU","CRI",0.571428571428571
"527","DEU","HRV",0.578366445916115
"528","DEU","CYP",1
"529","DEU","CZE",0.547671840354767
"530","DEU","DNK",0.494408945686901
"531","DEU","EST",0.471074380165289
"532","DEU","FIN",0.353460972017673
"533","DEU","FRA",0.445971036019309
"534","DEU","GRC",0.426484907497566
"535","DEU","GGY",0.333333333333333
"536","DEU","HKG",0.562913907284768
"537","DEU","HUN",0.464944649446494
"538","DEU","ISL",0.16551724137931
"539","DEU","IND",0.51685393258427
"540","DEU","IRL",0.33419689119171
"541","DEU","ISR",0.297734627831715
"542","DEU","ITA",0.437925170068027
"543","DEU","JPN",0.357142857142857
"544","DEU","JEY",0.5
"545","DEU","LVA",0.646723646723647
"546","DEU","LBN",0.609375
"547","DEU","LTU",0.785714285714286
"548","DEU","LUX",0.414572864321608
"549","DEU","MLT",0.439189189189189
"550","DEU","MAR",0.75
"551","DEU","NLD",0.730990415335463
"552","DEU","NOR",0.407599309153713
"553","DEU","POL",0.645975443383356
"554","DEU","PRT",0.7479964381122
"555","DEU","QAT",0.825396825396825
"556","DEU","ROU",1
"557","DEU","RUS",0.150034411562285
"558","DEU","SAU",0.27027027027027
"559","DEU","SRB",0.164335664335664
"560","DEU","SGP",0.75
"561","DEU","SVK",1
"562","DEU","SVN",1
"563","DEU","ZAF",0.0775862068965517
"564","DEU","KOR",1
"565","DEU","ESP",0.470575738262163
"566","DEU","SWE",0.411864406779661
"567","DEU","CHE",0.503731343283582
"568","DEU","TWN",0.903225806451613
"569","DEU","THA",0.104651162790698
"570","DEU","TUN",0.125
"571","DEU","TUR",1
"572","DEU","UKR",0.383647798742138
"573","DEU","ARE",0.5
"574","DEU","GBR",0.421306532663317
"575","DEU","USA",0.512090274046212
"576","DEU","UZB",0.333333333333333
"577","GRC","AUT",0.533333333333333
"578","GRC","BHR",0.722222222222222
"579","GRC","BEL",0.555555555555556
"580","GRC","BRA",1
"581","GRC","CAN",0.104651162790698
"582","GRC","HRV",1
"583","GRC","CYP",1
"584","GRC","CZE",0.279863481228669
"585","GRC","DNK",0.324175824175824
"586","GRC","FIN",0.0517241379310345
"587","GRC","FRA",0.346478873239437
"588","GRC","DEU",0.445157838416265
"589","GRC","HUN",0.375
"590","GRC","IRL",0.535714285714286
"591","GRC","ISR",0.174454828660436
"592","GRC","ITA",0.288071065989848
"593","GRC","LVA",0.216216216216216
"594","GRC","LBN",0.189189189189189
"595","GRC","LTU",0.470588235294118
"596","GRC","LUX",0.315789473684211
"597","GRC","MLT",0.833333333333333
"598","GRC","NLD",0.401869158878505
"599","GRC","POL",0.345372460496614
"600","GRC","PRT",0.28125
"601","GRC","QAT",0.25609756097561
"602","GRC","ROU",1
"603","GRC","RUS",0.0120481927710843
"604","GRC","SRB",0.157894736842105
"605","GRC","SVK",0.0886075949367089
"606","GRC","SVN",0.466666666666667
"607","GRC","ESP",0.145374449339207
"608","GRC","SWE",0.100502512562814
"609","GRC","CHE",0.572700296735905
"610","GRC","TUR",0.272727272727273
"611","GRC","UKR",0.0769230769230769
"612","GRC","ARE",0.263157894736842
"613","GRC","GBR",0.521216407355021
"614","GRC","USA",0.0256410256410256
"615","GTM","USA",1
"616","GGY","FRA",0.125
"617","GGY","DEU",0.5
"618","GGY","IMN",1
"619","GGY","JEY",0.0416666666666667
"620","GGY","ESP",1
"621","GGY","GBR",0.42436974789916
"622","HKG","AUS",0.340080971659919
"623","HKG","AUT",1
"624","HKG","BHR",0.571428571428571
"625","HKG","BEL",0.465116279069767
"626","HKG","BRA",0.333333333333333
"627","HKG","BRN",0.178571428571429
"628","HKG","CAN",0.30939226519337
"629","HKG","CHN",0.16260162601626
"630","HKG","FIN",0.203703703703704
"631","HKG","FRA",0.0833333333333333
"632","HKG","DEU",1
"633","HKG","HUN",1
"634","HKG","IND",0.456756756756757
"635","HKG","ISR",0.414634146341463
"636","HKG","ITA",0.25
"637","HKG","JPN",0.299760191846523
"638","HKG","LVA",1
"639","HKG","LUX",1
"640","HKG","MAC",0.363636363636364
"641","HKG","MYS",0.317948717948718
"642","HKG","NLD",0.327586206896552
"643","HKG","NZL",0.348484848484849
"644","HKG","PHL",0.343612334801762
"645","HKG","QAT",0.956834532374101
"646","HKG","RUS",0.956989247311828
"647","HKG","SAU",1
"648","HKG","SGP",0.776470588235294
"649","HKG","KOR",0.498470948012232
"650","HKG","ESP",0.024390243902439
"651","HKG","CHE",0.196428571428571
"652","HKG","TWN",0.400537634408602
"653","HKG","THA",0.246882793017456
"654","HKG","TUR",1
"655","HKG","ARE",0.718849840255591
"656","HKG","GBR",0.406779661016949
"657","HKG","USA",0.581567796610169
"658","HKG","VNM",1
"659","HUN","AUT",0.723404255319149
"660","HUN","BEL",0.226086956521739
"661","HUN","HRV",1
"662","HUN","CYP",1
"663","HUN","CZE",0.416666666666667
"664","HUN","DNK",0.217948717948718
"665","HUN","FIN",0.140845070422535
"666","HUN","FRA",0.247663551401869
"667","HUN","DEU",0.365576102418208
"668","HUN","GRC",0.153061224489796
"669","HUN","ISL",0.142857142857143
"670","HUN","IRL",0.358208955223881
"671","HUN","ISR",0.0860215053763441
"672","HUN","ITA",0.181818181818182
"673","HUN","LVA",0.833333333333333
"674","HUN","LUX",0.523809523809524
"675","HUN","MLT",0.592592592592593
"676","HUN","NLD",0.611111111111111
"677","HUN","NOR",0.117647058823529
"678","HUN","POL",0.373983739837398
"679","HUN","PRT",0.4
"680","HUN","QAT",0.592592592592593
"681","HUN","ROU",0.5
"682","HUN","RUS",0.032967032967033
"683","HUN","SRB",0.413793103448276
"684","HUN","SVK",0.5
"685","HUN","SVN",0.75
"686","HUN","KOR",1
"687","HUN","ESP",0.220779220779221
"688","HUN","SWE",0.170454545454545
"689","HUN","CHE",0.213675213675214
"690","HUN","TUR",0.878787878787879
"691","HUN","ARE",0.102564102564103
"692","HUN","GBR",0.283849918433931
"693","HUN","USA",0.0425531914893617
"694","ISL","AUT",0.833333333333333
"695","ISL","BEL",1
"696","ISL","CAN",0.161764705882353
"697","ISL","CZE",0.0909090909090909
"698","ISL","DNK",0.538461538461538
"699","ISL","FRA",0.125
"700","ISL","DEU",0.207142857142857
"701","ISL","HUN",0.25
"702","ISL","IRL",0.55
"703","ISL","ITA",0.833333333333333
"704","ISL","LVA",0.818181818181818
"705","ISL","NLD",0.386363636363636
"706","ISL","POL",0.666666666666667
"707","ISL","PRT",0.5
"708","ISL","SVK",0.333333333333333
"709","ISL","ESP",0.264705882352941
"710","ISL","SWE",0.0606060606060606
"711","ISL","GBR",0.428571428571429
"712","ISL","USA",0.131386861313869
"713","IND","AUS",0.277777777777778
"714","IND","AUT",0.357142857142857
"715","IND","BHR",0.123853211009174
"716","IND","BEL",1
"717","IND","CAN",1
"718","IND","CHN",0.6875
"719","IND","FRA",0.630630630630631
"720","IND","DEU",0.670731707317073
"721","IND","HKG",0.454545454545455
"722","IND","IDN",0.1
"723","IND","ISR",0.0952380952380952
"724","IND","ITA",0.184615384615385
"725","IND","JPN",0.636363636363636
"726","IND","KWT",1
"727","IND","LUX",0.625
"728","IND","MYS",0.08584686774942
"729","IND","NLD",1
"730","IND","PHL",1
"731","IND","POL",0.666666666666667
"732","IND","QAT",0.742603550295858
"733","IND","RUS",0.0746268656716418
"734","IND","SAU",0.625
"735","IND","SGP",0.504098360655738
"736","IND","ZAF",0.03125
"737","IND","KOR",0.82051282051282
"738","IND","ESP",0.0769230769230769
"739","IND","CHE",0.192307692307692
"740","IND","TWN",0.375
"741","IND","THA",0.0518867924528302
"742","IND","TUR",0.976190476190476
"743","IND","ARE",0.496644295302013
"744","IND","GBR",0.524916943521595
"745","IND","USA",0.847826086956522
"746","IDN","MYS",0.00826446280991736
"747","IDN","SGP",0.131147540983607
"748","IRN","ARE",1
"749","IRL","AUT",0.381818181818182
"750","IRL","BEL",0.585365853658537
"751","IRL","CAN",0.166666666666667
"752","IRL","HRV",0.310344827586207
"753","IRL","CYP",1
"754","IRL","CZE",0.307692307692308
"755","IRL","DNK",0.219512195121951
"756","IRL","FIN",0.315789473684211
"757","IRL","FRA",0.297551789077213
"758","IRL","DEU",0.328063241106719
"759","IRL","GRC",0.461538461538462
"760","IRL","HUN",0.6
"761","IRL","ISL",0.432432432432432
"762","IRL","ISR",0.75
"763","IRL","ITA",0.504926108374384
"764","IRL","JEY",0.105263157894737
"765","IRL","LVA",0.926829268292683
"766","IRL","LTU",1
"767","IRL","LUX",0.171428571428571
"768","IRL","MLT",1
"769","IRL","NLD",0.515068493150685
"770","IRL","NOR",0.163636363636364
"771","IRL","POL",0.771276595744681
"772","IRL","PRT",0.414847161572052
"773","IRL","QAT",0.521739130434783
"774","IRL","ROU",1
"775","IRL","SAU",1
"776","IRL","SVK",0.464285714285714
"777","IRL","ESP",0.496951219512195
"778","IRL","SWE",0.346938775510204
"779","IRL","CHE",0.138364779874214
"780","IRL","TUR",0.833333333333333
"781","IRL","UKR",0.4
"782","IRL","ARE",0.344444444444444
"783","IRL","GBR",0.228255646323883
"784","IRL","USA",0.261241970021413
"785","IMN","GGY",1
"786","IMN","IRL",0.0208333333333333
"787","IMN","ESP",0.5
"788","IMN","GBR",0.375886524822695
"789","ISR","AUT",0.305263157894737
"790","ISR","BHR",1
"791","ISR","BEL",1
"792","ISR","BGR",1
"793","ISR","CAN",0.371428571428571
"794","ISR","CHN",1
"795","ISR","HRV",0.666666666666667
"796","ISR","CYP",0.543478260869565
"797","ISR","CZE",0.0161290322580645
"798","ISR","DNK",0.142857142857143
"799","ISR","FRA",0.439306358381503
"800","ISR","DEU",0.556179775280899
"801","ISR","GRC",0.384615384615385
"802","ISR","HKG",0.642857142857143
"803","ISR","HUN",0.152173913043478
"804","ISR","IND",0.133333333333333
"805","ISR","IRL",0.333333333333333
"806","ISR","ITA",0.130232558139535
"807","ISR","LTU",1
"808","ISR","MLT",0.263157894736842
"809","ISR","NLD",0.037037037037037
"810","ISR","POL",0.0151515151515152
"811","ISR","PRT",0.0740740740740741
"812","ISR","ROU",0.125
"813","ISR","RUS",0.147435897435897
"814","ISR","SRB",0.272727272727273
"815","ISR","SVK",1
"816","ISR","ESP",0.0555555555555556
"817","ISR","CHE",0.1875
"818","ISR","TUR",1
"819","ISR","UKR",0.164383561643836
"820","ISR","ARE",1
"821","ISR","GBR",0.647482014388489
"822","ISR","USA",0.716312056737589
"823","ISR","UZB",1
"824","ITA","DZA",0.16
"825","ITA","ARG",0.025
"826","ITA","AUT",0.687170474516696
"827","ITA","BHR",0.636363636363636
"828","ITA","BLR",1
"829","ITA","BEL",0.588832487309645
"830","ITA","BRA",0.025974025974026
"831","ITA","CAN",0.0700934579439252
"832","ITA","CHN",0.0714285714285714
"833","ITA","HRV",0.354838709677419
"834","ITA","CYP",0.666666666666667
"835","ITA","CZE",0.473186119873817
"836","ITA","DNK",0.316037735849057
"837","ITA","EST",0.25
"838","ITA","FIN",0.223021582733813
"839","ITA","FRA",0.412537537537538
"840","ITA","DEU",0.446175976983937
"841","ITA","GRC",0.264473684210526
"842","ITA","HKG",0.140625
"843","ITA","HUN",0.246305418719212
"844","ITA","ISL",1
"845","ITA","IND",0.208333333333333
"846","ITA","IRL",0.498727735368957
"847","ITA","ISR",0.099290780141844
"848","ITA","JEY",0.571428571428571
"849","ITA","KWT",1
"850","ITA","LVA",0.470588235294118
"851","ITA","LBN",0.268292682926829
"852","ITA","LTU",0.613636363636364
"853","ITA","LUX",0.54863813229572
"854","ITA","MLT",0.612676056338028
"855","ITA","MAR",1
"856","ITA","NLD",0.605809128630705
"857","ITA","NOR",0.117647058823529
"858","ITA","POL",0.66403162055336
"859","ITA","PRT",0.59375
"860","ITA","QAT",0.571428571428571
"861","ITA","ROU",1
"862","ITA","RUS",0.0685840707964602
"863","ITA","SAU",0.133333333333333
"864","ITA","SRB",0.0232558139534884
"865","ITA","SGP",0.2
"866","ITA","SVK",0.296296296296296
"867","ITA","SVN",1
"868","ITA","KOR",0.344444444444444
"869","ITA","ESP",0.514006224988884
"870","ITA","SWE",0.227722772277228
"871","ITA","CHE",0.585119798234552
"872","ITA","TUN",0.666666666666667
"873","ITA","TUR",0.33953488372093
"874","ITA","UKR",0.358585858585859
"875","ITA","ARE",0.391304347826087
"876","ITA","GBR",0.515912897822446
"877","ITA","USA",0.186619718309859
"878","JPN","AUS",0.212962962962963
"879","JPN","AUT",0.0357142857142857
"880","JPN","BEL",1
"881","JPN","CAN",0.197183098591549
"882","JPN","CHN",0.126984126984127
"883","JPN","FIN",0.476190476190476
"884","JPN","FRA",0.288888888888889
"885","JPN","DEU",0.158940397350993
"886","JPN","HKG",0.230483271375465
"887","JPN","IND",1
"888","JPN","MYS",0.00806451612903226
"889","JPN","NLD",0.743589743589744
"890","JPN","PHL",0.458823529411765
"891","JPN","QAT",0.0384615384615385
"892","JPN","RUS",0.333333333333333
"893","JPN","SGP",0.289473684210526
"894","JPN","KOR",0.0967302452316076
"895","JPN","SWE",0.333333333333333
"896","JPN","TWN",0.20049710024855
"897","JPN","THA",0.130541871921182
"898","JPN","ARE",0.5
"899","JPN","GBR",0.39622641509434
"900","JPN","USA",0.930735930735931
"901","JEY","FRA",0.45
"902","JEY","DEU",0.636363636363636
"903","JEY","GGY",0.25
"904","JEY","IRL",0.117647058823529
"905","JEY","ITA",1
"906","JEY","PRT",0.333333333333333
"907","JEY","ESP",0.428571428571429
"908","JEY","CHE",0.5
"909","JEY","GBR",0.825263157894737
"910","KAZ","DEU",0.0175438596491228
"911","KAZ","NLD",0.666666666666667
"912","KAZ","RUS",0.0154639175257732
"913","KAZ","TUR",0.025
"914","KAZ","ARE",0.12280701754386
"915","KEN","USA",1
"916","KWT","BHR",1
"917","KWT","DEU",1
"918","KWT","QAT",1
"919","KWT","TUR",1
"920","KWT","ARE",1
"921","KWT","GBR",1
"922","LVA","AUT",0.529411764705882
"923","LVA","BEL",0.4
"924","LVA","CYP",1
"925","LVA","CZE",0.142857142857143
"926","LVA","DNK",0.503759398496241
"927","LVA","EST",0.666666666666667
"928","LVA","FIN",0.412639405204461
"929","LVA","FRA",0.45
"930","LVA","DEU",0.657817109144543
"931","LVA","GRC",0.189189189189189
"932","LVA","HKG",1
"933","LVA","HUN",1
"934","LVA","ISL",1
"935","LVA","IRL",0.926829268292683
"936","LVA","ITA",0.472527472527473
"937","LVA","LTU",1
"938","LVA","MLT",0.0588235294117647
"939","LVA","NLD",0.691176470588235
"940","LVA","NOR",0.674418604651163
"941","LVA","POL",0.8
"942","LVA","PRT",0.875
"943","LVA","RUS",0.163972286374134
"944","LVA","SRB",0.666666666666667
"945","LVA","SVK",1
"946","LVA","ESP",0.148148148148148
"947","LVA","SWE",0.316770186335404
"948","LVA","CHE",0.710526315789474
"949","LVA","UKR",0.0833333333333333
"950","LVA","GBR",0.694444444444444
"951","LBN","BHR",0.485714285714286
"952","LBN","BEL",1
"953","LBN","DNK",0.888888888888889
"954","LBN","FRA",0.805555555555556
"955","LBN","DEU",0.567164179104478
"956","LBN","GRC",0.214285714285714
"957","LBN","ITA",0.134328358208955
"958","LBN","QAT",0.98876404494382
"959","LBN","ROU",0.75
"960","LBN","RUS",0.0588235294117647
"961","LBN","SAU",0.122448979591837
"962","LBN","ESP",0.16
"963","LBN","CHE",0.409090909090909
"964","LBN","TUR",0.84
"965","LBN","ARE",0.657458563535912
"966","LBN","GBR",0.5
"967","LTU","AUT",1
"968","LTU","CYP",1
"969","LTU","CZE",1
"970","LTU","DNK",1
"971","LTU","EST",1
"972","LTU","FIN",1
"973","LTU","FRA",1
"974","LTU","DEU",1
"975","LTU","GRC",0.214285714285714
"976","LTU","IRL",1
"977","LTU","ISR",0.307692307692308
"978","LTU","ITA",0.673913043478261
"979","LTU","LVA",1
"980","LTU","MLT",0.25
"981","LTU","NLD",1
"982","LTU","NOR",1
"983","LTU","POL",1
"984","LTU","RUS",0.567567567567568
"985","LTU","SRB",1
"986","LTU","ESP",1
"987","LTU","SWE",0.0869565217391304
"988","LTU","CHE",1
"989","LTU","TUR",0.75
"990","LTU","UKR",1
"991","LTU","GBR",1
"992","LUX","AUT",0.517241379310345
"993","LUX","BHR",1
"994","LUX","BEL",1
"995","LUX","BRA",1
"996","LUX","BGR",0.5
"997","LUX","HRV",0.25
"998","LUX","CZE",0.153846153846154
"999","LUX","DNK",0.0153846153846154
"1000","LUX","FIN",1
"1001","LUX","FRA",0.484472049689441
"1002","LUX","DEU",0.440318302387268
"1003","LUX","GRC",0.452380952380952
"1004","LUX","HKG",0.521739130434783
"1005","LUX","IRL",0.162162162162162
"1006","LUX","ITA",0.550387596899225
"1007","LUX","LBN",1
"1008","LUX","MYS",1
"1009","LUX","MLT",0.666666666666667
"1010","LUX","NLD",0.464788732394366
"1011","LUX","NOR",1
"1012","LUX","POL",0.241379310344828
"1013","LUX","PRT",1
"1014","LUX","QAT",0.696969696969697
"1015","LUX","SAU",1
"1016","LUX","SGP",1
"1017","LUX","SVK",1
"1018","LUX","ZAF",0.7
"1019","LUX","KOR",0.666666666666667
"1020","LUX","ESP",0.836601307189543
"1021","LUX","CHE",0.232876712328767
"1022","LUX","TWN",1
"1023","LUX","THA",0.857142857142857
"1024","LUX","ARE",1
"1025","LUX","GBR",0.144
"1026","LUX","USA",1
"1027","MAC","CHN",0.217391304347826
"1028","MAC","HKG",0.3
"1029","MAC","IND",1
"1030","MAC","JPN",0.4
"1031","MAC","PHL",0.2
"1032","MAC","SGP",0.0555555555555556
"1033","MAC","KOR",0.0584795321637427
"1034","MAC","TWN",0.171806167400881
"1035","MYS","AUS",0.173469387755102
"1036","MYS","BHR",1
"1037","MYS","BEL",1
"1038","MYS","BRN",0.0784313725490196
"1039","MYS","CHN",0.228782287822878
"1040","MYS","DEU",0.0227272727272727
"1041","MYS","HKG",0.296875
"1042","MYS","IND",0.0836909871244635
"1043","MYS","IDN",0.0212765957446809
"1044","MYS","JPN",0.0806451612903226
"1045","MYS","NLD",0.2
"1046","MYS","NZL",0.678571428571429
"1047","MYS","PHL",0.122950819672131
"1048","MYS","QAT",0.701149425287356
"1049","MYS","SAU",0.666666666666667
"1050","MYS","SGP",0.152350081037277
"1051","MYS","KOR",0.137404580152672
"1052","MYS","TWN",0.292
"1053","MYS","THA",0.035264483627204
"1054","MYS","ARE",0.48936170212766
"1055","MYS","GBR",0.24390243902439
"1056","MLT","AUT",1
"1057","MLT","BEL",0.772727272727273
"1058","MLT","CZE",1
"1059","MLT","DNK",0.173913043478261
"1060","MLT","FRA",0.688073394495413
"1061","MLT","DEU",0.663316582914573
"1062","MLT","GRC",0.9
"1063","MLT","HUN",1
"1064","MLT","IRL",1
"1065","MLT","ISR",0.176470588235294
"1066","MLT","ITA",0.727941176470588
"1067","MLT","LVA",0.1
"1068","MLT","LTU",0.166666666666667
"1069","MLT","LUX",0.636363636363636
"1070","MLT","NLD",0.6
"1071","MLT","POL",0.578947368421053
"1072","MLT","PRT",1
"1073","MLT","QAT",0.04
"1074","MLT","ROU",1
"1075","MLT","RUS",0.05
"1076","MLT","SRB",0.0769230769230769
"1077","MLT","ESP",0.771929824561403
"1078","MLT","CHE",0.477272727272727
"1079","MLT","TUN",0.25
"1080","MLT","UKR",0.142857142857143
"1081","MLT","ARE",1
"1082","MLT","GBR",0.711656441717791
"1083","MEX","CAN",1
"1084","MEX","USA",1
"1085","MAR","BEL",0.846153846153846
"1086","MAR","FRA",1
"1087","MAR","DEU",1
"1088","MAR","ITA",1
"1089","MAR","NLD",0.5
"1090","MAR","PRT",0.227272727272727
"1091","MAR","SVK",1
"1092","MAR","ESP",0.972602739726027
"1093","MAR","TUR",1
"1094","MAR","GBR",1
"1095","NLD","ARG",0.636363636363636
"1096","NLD","AUT",0.448087431693989
"1097","NLD","BEL",1
"1098","NLD","BRA",1
"1099","NLD","BGR",1
"1100","NLD","CAN",0.431952662721893
"1101","NLD","CHN",0.32
"1102","NLD","HRV",0.8
"1103","NLD","CYP",1
"1104","NLD","CZE",0.589519650655022
"1105","NLD","DNK",0.791183294663573
"1106","NLD","ECU",0.272727272727273
"1107","NLD","FIN",0.547945205479452
"1108","NLD","FRA",0.582232893157263
"1109","NLD","DEU",0.733916302311056
"1110","NLD","GRC",0.34307992202729
"1111","NLD","HKG",0.28125
"1112","NLD","HUN",0.830645161290323
"1113","NLD","ISL",0.272727272727273
"1114","NLD","IND",0.847826086956522
"1115","NLD","IRL",0.510752688172043
"1116","NLD","ISR",0.0145985401459854
"1117","NLD","ITA",0.558654634946678
"1118","NLD","JPN",0.72
"1119","NLD","JEY",0.125
"1120","NLD","LVA",0.78125
"1121","NLD","LTU",1
"1122","NLD","LUX",0.364406779661017
"1123","NLD","MYS",0.111111111111111
"1124","NLD","MLT",0.431372549019608
"1125","NLD","MAR",0.333333333333333
"1126","NLD","NOR",0.966442953020134
"1127","NLD","POL",0.630434782608696
"1128","NLD","PRT",0.75047258979206
"1129","NLD","QAT",1
"1130","NLD","ROU",1
"1131","NLD","RUS",0.208
"1132","NLD","SAU",0.571428571428571
"1133","NLD","SRB",0.168831168831169
"1134","NLD","SGP",1
"1135","NLD","SVN",0.214285714285714
"1136","NLD","ZAF",0.763888888888889
"1137","NLD","KOR",1
"1138","NLD","ESP",0.795254833040422
"1139","NLD","SWE",0.483375959079284
"1140","NLD","CHE",0.801857585139319
"1141","NLD","TWN",1
"1142","NLD","THA",1
"1143","NLD","TUN",1
"1144","NLD","TUR",0.733333333333333
"1145","NLD","UKR",1
"1146","NLD","ARE",0.919597989949749
"1147","NLD","GBR",0.345142439737034
"1148","NLD","USA",0.574193548387097
"1149","NZL","AUS",0.0437908496732026
"1150","NZL","CAN",0.315789473684211
"1151","NZL","CHN",0.0526315789473684
"1152","NZL","HKG",0.12280701754386
"1153","NZL","MYS",0.0714285714285714
"1154","NZL","PHL",0.0909090909090909
"1155","NZL","SGP",0.235294117647059
"1156","NZL","TWN",0.230769230769231
"1157","NZL","THA",0.0344827586206897
"1158","NZL","USA",0.213235294117647
"1159","NOR","AUT",0.123287671232877
"1160","NOR","BEL",0.08
"1161","NOR","DNK",0.431088082901554
"1162","NOR","EST",0.583333333333333
"1163","NOR","FIN",0.192307692307692
"1164","NOR","FRA",0.194871794871795
"1165","NOR","DEU",0.389770723104056
"1166","NOR","HUN",0.222222222222222
"1167","NOR","ISL",0.0123456790123457
"1168","NOR","IRL",0.166666666666667
"1169","NOR","ISR",0.538461538461538
"1170","NOR","ITA",0.112
"1171","NOR","LVA",0.713114754098361
"1172","NOR","LTU",1
"1173","NOR","NLD",0.873134328358209
"1174","NOR","POL",0.787301587301587
"1175","NOR","QAT",1
"1176","NOR","ROU",1
"1177","NOR","RUS",0.111111111111111
"1178","NOR","SRB",0.583333333333333
"1179","NOR","KOR",1
"1180","NOR","ESP",0.28719723183391
"1181","NOR","SWE",0.271386430678466
"1182","NOR","CHE",0.142857142857143
"1183","NOR","TUR",0.95
"1184","NOR","ARE",0.741935483870968
"1185","NOR","GBR",0.354026845637584
"1186","NOR","USA",0.0172413793103448
"1187","PAK","QAT",0.0333333333333333
"1188","PAK","ARE",1
"1189","PER","ARG",0.2
"1190","PER","BRA",0.25
"1191","PHL","AUS",0.04
"1192","PHL","BHR",0.391304347826087
"1193","PHL","BRN",0.113636363636364
"1194","PHL","CAN",0.162790697674419
"1195","PHL","CHN",0.241379310344828
"1196","PHL","FRA",0.5
"1197","PHL","DEU",0.5
"1198","PHL","HKG",0.370235934664247
"1199","PHL","IND",1
"1200","PHL","JPN",0.404411764705882
"1201","PHL","MAC",0.158730158730159
"1202","PHL","MYS",0.122676579925651
"1203","PHL","NZL",0.1
"1204","PHL","QAT",0.823008849557522
"1205","PHL","SAU",0.475409836065574
"1206","PHL","SGP",0.378109452736318
"1207","PHL","KOR",0.287009063444109
"1208","PHL","TWN",0.361111111111111
"1209","PHL","THA",0.154545454545455
"1210","PHL","ARE",0.524064171122995
"1211","PHL","GBR",0.333333333333333
"1212","PHL","USA",0.347368421052632
"1213","POL","AUT",0.880952380952381
"1214","POL","BLR",1
"1215","POL","BEL",1
"1216","POL","BGR",0.692307692307692
"1217","POL","CAN",0.261538461538462
"1218","POL","HRV",0.837837837837838
"1219","POL","CYP",1
"1220","POL","CZE",1
"1221","POL","DNK",0.484042553191489
"1222","POL","EST",1
"1223","POL","FIN",0.131979695431472
"1224","POL","FRA",0.455621301775148
"1225","POL","DEU",0.726928895612708
"1226","POL","GRC",0.292635658914729
"1227","POL","HUN",0.736842105263158
"1228","POL","ISL",0.548387096774194
"1229","POL","IND",0.7
"1230","POL","IRL",0.885350318471338
"1231","POL","ITA",0.672794117647059
"1232","POL","JPN",1
"1233","POL","LVA",0.672413793103448
"1234","POL","LTU",1
"1235","POL","LUX",0.142857142857143
"1236","POL","MLT",0.450980392156863
"1237","POL","NLD",0.657289002557545
"1238","POL","NOR",0.755627009646302
"1239","POL","PRT",0.584070796460177
"1240","POL","QAT",0.178571428571429
"1241","POL","ROU",0.5
"1242","POL","RUS",0.0958904109589041
"1243","POL","SVK",0.375
"1244","POL","SVN",0.380952380952381
"1245","POL","KOR",0.777777777777778
"1246","POL","ESP",0.0833333333333333
"1247","POL","SWE",0.547486033519553
"1248","POL","CHE",0.5662100456621
"1249","POL","TUR",1
"1250","POL","UKR",0.75092936802974
"1251","POL","ARE",0.111111111111111
"1252","POL","GBR",0.797314578005115
"1253","POL","USA",0.342857142857143
"1254","PRT","DZA",0.111111111111111
"1255","PRT","AUT",0.868131868131868
"1256","PRT","BEL",1
"1257","PRT","BRA",0.486486486486487
"1258","PRT","CAN",0.42741935483871
"1259","PRT","CZE",0.380952380952381
"1260","PRT","DNK",0.388235294117647
"1261","PRT","FRA",0.975524475524476
"1262","PRT","DEU",0.762385321100917
"1263","PRT","GRC",0.235294117647059
"1264","PRT","HUN",0.547619047619048
"1265","PRT","IRL",0.398286937901499
"1266","PRT","IMN",1
"1267","PRT","ISR",0.0512820512820513
"1268","PRT","ITA",0.570175438596491
"1269","PRT","JEY",1
"1270","PRT","LVA",0.875
"1271","PRT","LUX",1
"1272","PRT","MLT",1
"1273","PRT","MAR",0.35
"1274","PRT","NLD",0.849889624724062
"1275","PRT","POL",0.651376146788991
"1276","PRT","ROU",1
"1277","PRT","RUS",0.0169491525423729
"1278","PRT","ESP",0.534216335540839
"1279","PRT","SWE",0.271604938271605
"1280","PRT","CHE",1
"1281","PRT","TUR",1
"1282","PRT","UKR",1
"1283","PRT","ARE",0.214285714285714
"1284","PRT","GBR",0.740241635687732
"1285","PRT","USA",0.355140186915888
"1286","QAT","DZA",0.142857142857143
"1287","QAT","AUS",0.742857142857143
"1288","QAT","AUT",0.294117647058824
"1289","QAT","BHR",0.571428571428571
"1290","QAT","BEL",1
"1291","QAT","BRA",1
"1292","QAT","CAN",0.894736842105263
"1293","QAT","CHN",0.8
"1294","QAT","HRV",0.0909090909090909
"1295","QAT","CZE",0.333333333333333
"1296","QAT","DNK",0.726027397260274
"1297","QAT","FIN",0.280701754385965
"1298","QAT","FRA",1
"1299","QAT","DEU",0.898989898989899
"1300","QAT","GRC",0.227272727272727
"1301","QAT","HKG",0.734848484848485
"1302","QAT","HUN",0.697674418604651
"1303","QAT","IND",0.635097493036212
"1304","QAT","IRN",1
"1305","QAT","IRL",0.26
"1306","QAT","ITA",0.490566037735849
"1307","QAT","JPN",0.666666666666667
"1308","QAT","KWT",1
"1309","QAT","LBN",0.775280898876405
"1310","QAT","LUX",1
"1311","QAT","MAC",1
"1312","QAT","MYS",0.662921348314607
"1313","QAT","NLD",1
"1314","QAT","NOR",0.775
"1315","QAT","PHL",0.943396226415094
"1316","QAT","POL",0.0178571428571429
"1317","QAT","ROU",0.0555555555555556
"1318","QAT","RUS",0.00884955752212389
"1319","QAT","SAU",1
"1320","QAT","SRB",0.179487179487179
"1321","QAT","SGP",1
"1322","QAT","ZAF",0.533898305084746
"1323","QAT","KOR",0.847826086956522
"1324","QAT","ESP",0.838541666666667
"1325","QAT","SWE",0.384615384615385
"1326","QAT","CHE",0.314606741573034
"1327","QAT","THA",0.409326424870466
"1328","QAT","TUN",1
"1329","QAT","TUR",0.815642458100559
"1330","QAT","UKR",0.087719298245614
"1331","QAT","ARE",0.545454545454545
"1332","QAT","GBR",0.576923076923077
"1333","QAT","USA",0.747169811320755
"1334","ROU","AUT",1
"1335","ROU","BEL",1
"1336","ROU","CZE",1
"1337","ROU","DNK",1
"1338","ROU","FIN",1
"1339","ROU","FRA",1
"1340","ROU","DEU",1
"1341","ROU","GRC",0.73134328358209
"1342","ROU","HUN",0.75
"1343","ROU","IRL",1
"1344","ROU","ISR",0.0967741935483871
"1345","ROU","ITA",0.762452107279693
"1346","ROU","LBN",1
"1347","ROU","NLD",1
"1348","ROU","NOR",1
"1349","ROU","POL",1
"1350","ROU","PRT",1
"1351","ROU","SRB",0.857142857142857
"1352","ROU","SVK",0.5
"1353","ROU","ESP",0.851063829787234
"1354","ROU","SWE",1
"1355","ROU","CHE",1
"1356","ROU","TUR",1
"1357","ROU","ARE",1
"1358","ROU","GBR",1
"1359","ROU","USA",1
"1360","RUS","AUT",0.214285714285714
"1361","RUS","BLR",1
"1362","RUS","BEL",0.210526315789474
"1363","RUS","BGR",0.0769230769230769
"1364","RUS","CHN",0.369565217391304
"1365","RUS","HRV",0.0422535211267606
"1366","RUS","CYP",1
"1367","RUS","CZE",0.0754098360655738
"1368","RUS","DNK",0.05
"1369","RUS","EST",0.246376811594203
"1370","RUS","FIN",0.0838509316770186
"1371","RUS","FRA",0.0611111111111111
"1372","RUS","DEU",0.175714285714286
"1373","RUS","GRC",0.0136674259681093
"1374","RUS","HKG",0.7
"1375","RUS","HUN",0.0588235294117647
"1376","RUS","IND",0.129032258064516
"1377","RUS","IRL",0.0357142857142857
"1378","RUS","ISR",0.0858369098712446
"1379","RUS","ITA",0.0458015267175573
"1380","RUS","JPN",0.333333333333333
"1381","RUS","KAZ",0.00512820512820513
"1382","RUS","LVA",0.327188940092166
"1383","RUS","LTU",1
"1384","RUS","NLD",0.290322580645161
"1385","RUS","NOR",0.1
"1386","RUS","POL",0.146666666666667
"1387","RUS","PRT",0.0169491525423729
"1388","RUS","QAT",0.0265486725663717
"1389","RUS","ROU",0.03125
"1390","RUS","SRB",0.244755244755245
"1391","RUS","SGP",0.615384615384615
"1392","RUS","SVK",0.0476190476190476
"1393","RUS","SVN",0.0333333333333333
"1394","RUS","KOR",0.209090909090909
"1395","RUS","ESP",0.0615671641791045
"1396","RUS","SWE",0.183823529411765
"1397","RUS","CHE",0.259541984732824
"1398","RUS","THA",0.128205128205128
"1399","RUS","TUR",1
"1400","RUS","UKR",1
"1401","RUS","ARE",0.133891213389121
"1402","RUS","GBR",0.510028653295129
"1403","RUS","USA",0.130177514792899
"1404","RUS","UZB",0.432432432432432
"1405","LCA","BRB",0.012987012987013
"1406","LCA","USA",0.171428571428571
"1407","VCT","BRB",0.0277777777777778
"1408","VCT","CAN",1
"1409","VCT","USA",0.5
"1410","SAU","BHR",0.13953488372093
"1411","SAU","BGD",1
"1412","SAU","CHN",1
"1413","SAU","CYP",1
"1414","SAU","FRA",0.0540540540540541
"1415","SAU","DEU",0.138888888888889
"1416","SAU","HKG",0.6
"1417","SAU","IND",0.197368421052632
"1418","SAU","ITA",0.176470588235294
"1419","SAU","LBN",0.0588235294117647
"1420","SAU","MYS",0.214285714285714
"1421","SAU","NLD",0.470588235294118
"1422","SAU","PHL",0.45
"1423","SAU","QAT",1
"1424","SAU","ZAF",0.1
"1425","SAU","ESP",0.136363636363636
"1426","SAU","CHE",0.230769230769231
"1427","SAU","TUR",0.0752688172043011
"1428","SAU","ARE",0.131325301204819
"1429","SAU","GBR",0.0869565217391304
"1430","SAU","USA",0.111111111111111
"1431","SRB","AUT",0.451612903225806
"1432","SRB","BLR",1
"1433","SRB","BEL",0.466666666666667
"1434","SRB","BIH",0.5
"1435","SRB","HRV",1
"1436","SRB","CYP",1
"1437","SRB","CZE",1
"1438","SRB","DNK",0.269230769230769
"1439","SRB","FRA",0.391304347826087
"1440","SRB","DEU",0.32
"1441","SRB","GRC",0.151515151515152
"1442","SRB","HUN",0.6
"1443","SRB","ISR",0.333333333333333
"1444","SRB","ITA",0.14018691588785
"1445","SRB","LVA",0.666666666666667
"1446","SRB","MLT",0.210526315789474
"1447","SRB","NLD",0.227848101265823
"1448","SRB","NOR",0.666666666666667
"1449","SRB","POL",0.08
"1450","SRB","QAT",0.236842105263158
"1451","SRB","ROU",0.833333333333333
"1452","SRB","RUS",0.0942028985507246
"1453","SRB","SVK",0.5
"1454","SRB","SVN",0.722222222222222
"1455","SRB","ESP",0.285714285714286
"1456","SRB","SWE",0.436619718309859
"1457","SRB","CHE",0.515151515151515
"1458","SRB","TUR",1
"1459","SRB","UKR",1
"1460","SRB","ARE",0.315789473684211
"1461","SRB","GBR",0.3625
"1462","SRB","USA",0.764705882352941
"1463","SGP","AUS",0.754216867469879
"1464","SGP","BRN",0.513513513513513
"1465","SGP","CHN",0.841463414634146
"1466","SGP","DNK",1
"1467","SGP","FIN",1
"1468","SGP","FRA",1
"1469","SGP","DEU",0.492063492063492
"1470","SGP","HKG",1
"1471","SGP","IND",0.516
"1472","SGP","ITA",0.166666666666667
"1473","SGP","JPN",0.377358490566038
"1474","SGP","LUX",1
"1475","SGP","MAC",0.476190476190476
"1476","SGP","MYS",0.158653846153846
"1477","SGP","NLD",1
"1478","SGP","NZL",0.804878048780488
"1479","SGP","PHL",0.412429378531073
"1480","SGP","QAT",1
"1481","SGP","ZAF",1
"1482","SGP","KOR",0.934065934065934
"1483","SGP","CHE",1
"1484","SGP","TWN",0.986486486486487
"1485","SGP","THA",0.309139784946237
"1486","SGP","TUR",1
"1487","SGP","ARE",0.863636363636364
"1488","SGP","GBR",0.795180722891566
"1489","SGP","USA",0.4
"1490","SGP","VNM",1
"1491","SVK","AUT",1
"1492","SVK","BEL",0.0555555555555556
"1493","SVK","HRV",0.75
"1494","SVK","CYP",1
"1495","SVK","CZE",1
"1496","SVK","FIN",1
"1497","SVK","FRA",0.0909090909090909
"1498","SVK","DEU",1
"1499","SVK","GRC",0.072289156626506
"1500","SVK","HUN",0.375
"1501","SVK","IRL",0.448275862068966
"1502","SVK","ISR",0.142857142857143
"1503","SVK","ITA",0.292307692307692
"1504","SVK","LUX",1
"1505","SVK","POL",0.444444444444444
"1506","SVK","RUS",0.0454545454545455
"1507","SVK","SVN",0.25
"1508","SVK","ESP",0.208333333333333
"1509","SVK","CHE",1
"1510","SVK","UKR",0.0333333333333333
"1511","SVK","GBR",0.662251655629139
"1512","SVN","AUT",1
"1513","SVN","BEL",0.388888888888889
"1514","SVN","HRV",1
"1515","SVN","CZE",1
"1516","SVN","DNK",0.166666666666667
"1517","SVN","FIN",0.0769230769230769
"1518","SVN","FRA",1
"1519","SVN","DEU",1
"1520","SVN","GRC",0.529411764705882
"1521","SVN","HUN",1
"1522","SVN","ITA",1
"1523","SVN","NLD",0.19047619047619
"1524","SVN","POL",0.5
"1525","SVN","RUS",0.103448275862069
"1526","SVN","SRB",0.133333333333333
"1527","SVN","SVK",0.4
"1528","SVN","ESP",1
"1529","SVN","CHE",0.545454545454545
"1530","SVN","TUR",1
"1531","SVN","GBR",0.211267605633803
"1532","ZAF","AUT",0.25
"1533","ZAF","BEL",0.8
"1534","ZAF","CHN",0.7
"1535","ZAF","FRA",0.378787878787879
"1536","ZAF","DEU",0.0564516129032258
"1537","ZAF","HKG",0.0652173913043478
"1538","ZAF","IND",0.133333333333333
"1539","ZAF","ITA",0.148148148148148
"1540","ZAF","NLD",0.736842105263158
"1541","ZAF","QAT",0.55045871559633
"1542","ZAF","SAU",1
"1543","ZAF","SGP",0.764705882352941
"1544","ZAF","CHE",0.371428571428571
"1545","ZAF","THA",0.117647058823529
"1546","ZAF","TUR",1
"1547","ZAF","ARE",0.310344827586207
"1548","ZAF","GBR",0.339285714285714
"1549","ZAF","USA",0.046875
"1550","KOR","AUS",0.147540983606557
"1551","KOR","AUT",0.84375
"1552","KOR","BRA",0.5
"1553","KOR","CAN",0.585365853658537
"1554","KOR","CHN",0.41747572815534
"1555","KOR","CZE",0.0714285714285714
"1556","KOR","FIN",0.526315789473684
"1557","KOR","FRA",0.557377049180328
"1558","KOR","DEU",1
"1559","KOR","HKG",0.529940119760479
"1560","KOR","HUN",1
"1561","KOR","IND",0.521739130434783
"1562","KOR","JPN",0.0644067796610169
"1563","KOR","LUX",0.5
"1564","KOR","MAC",0.0545454545454545
"1565","KOR","MYS",0.15948275862069
"1566","KOR","NLD",0.730769230769231
"1567","KOR","NZL",0.3125
"1568","KOR","PHL",0.312252964426877
"1569","KOR","POL",0.692307692307692
"1570","KOR","QAT",0.775
"1571","KOR","RUS",0.410596026490066
"1572","KOR","SGP",0.764705882352941
"1573","KOR","ESP",0.263157894736842
"1574","KOR","CHE",0.2
"1575","KOR","TWN",0.192182410423453
"1576","KOR","THA",0.143958868894602
"1577","KOR","TUR",1
"1578","KOR","ARE",0.781818181818182
"1579","KOR","GBR",0.39344262295082
"1580","KOR","USA",1
"1581","ESP","DZA",0.0512820512820513
"1582","ESP","ARG",0.10738255033557
"1583","ESP","AUT",0.523206751054852
"1584","ESP","BHR",1
"1585","ESP","BEL",0.628612716763006
"1586","ESP","BOL",0.09375
"1587","ESP","BRA",0.130769230769231
"1588","ESP","CAN",0.17037037037037
"1589","ESP","CRI",0.692307692307692
"1590","ESP","HRV",0.161290322580645
"1591","ESP","CZE",0.540540540540541
"1592","ESP","DNK",0.393280632411067
"1593","ESP","EST",0.111111111111111
"1594","ESP","FIN",0.0756302521008403
"1595","ESP","FRA",0.452397498262682
"1596","ESP","DEU",0.472525122942057
"1597","ESP","GIB",1
"1598","ESP","GRC",0.165938864628821
"1599","ESP","HUN",0.286821705426357
"1600","ESP","ISL",0.131578947368421
"1601","ESP","IRL",0.415343915343915
"1602","ESP","IMN",0.5
"1603","ESP","ISR",0.0283687943262411
"1604","ESP","ITA",0.469298245614035
"1605","ESP","JEY",0.0714285714285714
"1606","ESP","LVA",0.0526315789473684
"1607","ESP","LBN",0.285714285714286
"1608","ESP","LTU",1
"1609","ESP","LUX",0.844155844155844
"1610","ESP","MLT",0.475
"1611","ESP","MAR",0.87962962962963
"1612","ESP","NLD",0.773966578715919
"1613","ESP","NOR",0.238605898123324
"1614","ESP","POL",0.0547112462006079
"1615","ESP","PRT",0.530612244897959
"1616","ESP","QAT",0.565445026178011
"1617","ESP","ROU",1
"1618","ESP","RUS",0.0977859778597786
"1619","ESP","SAU",0.416666666666667
"1620","ESP","SRB",0.08
"1621","ESP","SVK",0.09375
"1622","ESP","SVN",1
"1623","ESP","KOR",0.235294117647059
"1624","ESP","SWE",0.435849056603774
"1625","ESP","CHE",0.284287011807448
"1626","ESP","TUN",0.375
"1627","ESP","TUR",0.730769230769231
"1628","ESP","UKR",0.192307692307692
"1629","ESP","ARE",0.587412587412587
"1630","ESP","GBR",0.490093517197654
"1631","ESP","USA",0.206896551724138
"1632","SWE","AUT",0.191358024691358
"1633","SWE","BEL",0.60625
"1634","SWE","HRV",0.0227272727272727
"1635","SWE","CYP",1
"1636","SWE","CZE",0.260416666666667
"1637","SWE","DNK",0.377752027809965
"1638","SWE","EST",0.186046511627907
"1639","SWE","FIN",0.232179226069246
"1640","SWE","FRA",0.408496732026144
"1641","SWE","DEU",0.35548686244204
"1642","SWE","GRC",0.0756972111553785
"1643","SWE","HUN",0.306122448979592
"1644","SWE","ISL",0.0909090909090909
"1645","SWE","IRL",0.333333333333333
"1646","SWE","ITA",0.205479452054795
"1647","SWE","LVA",0.320754716981132
"1648","SWE","LTU",0.142857142857143
"1649","SWE","LUX",1
"1650","SWE","NLD",0.548780487804878
"1651","SWE","NOR",0.253835425383543
"1652","SWE","POL",0.531428571428571
"1653","SWE","PRT",0.292682926829268
"1654","SWE","QAT",0.675324675324675
"1655","SWE","ROU",1
"1656","SWE","RUS",0.216417910447761
"1657","SWE","SRB",0.397058823529412
"1658","SWE","SVK",1
"1659","SWE","SVN",1
"1660","SWE","KOR",0.75
"1661","SWE","ESP",0.551558752997602
"1662","SWE","CHE",0.454054054054054
"1663","SWE","TUR",1
"1664","SWE","UKR",0.037037037037037
"1665","SWE","ARE",0.285714285714286
"1666","SWE","GBR",0.230671736375158
"1667","SWE","USA",0.0437956204379562
"1668","CHE","DZA",0.0769230769230769
"1669","CHE","ARG",0.375
"1670","CHE","AUT",0.463286713286713
"1671","CHE","BHR",0.5
"1672","CHE","BEL",0.320512820512821
"1673","CHE","BRA",0.451612903225806
"1674","CHE","CAN",0.478260869565217
"1675","CHE","HRV",0.681159420289855
"1676","CHE","CYP",1
"1677","CHE","CZE",0.504347826086956
"1678","CHE","DNK",0.598039215686274
"1679","CHE","FIN",0.414141414141414
"1680","CHE","FRA",0.526225279449699
"1681","CHE","DEU",0.478484011054086
"1682","CHE","GRC",0.493506493506494
"1683","CHE","GGY",1
"1684","CHE","HKG",0.236363636363636
"1685","CHE","HUN",0.302083333333333
"1686","CHE","ISL",0.0833333333333333
"1687","CHE","IND",0.192307692307692
"1688","CHE","IRL",0.124260355029586
"1689","CHE","ISR",0.104838709677419
"1690","CHE","ITA",0.61304347826087
"1691","CHE","JPN",0.5
"1692","CHE","JEY",0.5
"1693","CHE","JOR",0.5
"1694","CHE","LVA",0.479166666666667
"1695","CHE","LBN",0.470588235294118
"1696","CHE","LTU",0.5
"1697","CHE","LUX",0.25503355704698
"1698","CHE","MLT",0.426229508196721
"1699","CHE","NLD",0.725761772853186
"1700","CHE","NOR",0.139784946236559
"1701","CHE","POL",0.557522123893805
"1702","CHE","PRT",1
"1703","CHE","QAT",0.35632183908046
"1704","CHE","ROU",1
"1705","CHE","RUS",0.255725190839695
"1706","CHE","SAU",0.571428571428571
"1707","CHE","SRB",0.283132530120482
"1708","CHE","SGP",1
"1709","CHE","SVK",1
"1710","CHE","SVN",0.37037037037037
"1711","CHE","ZAF",0.3
"1712","CHE","KOR",0.142857142857143
"1713","CHE","ESP",0.322147651006711
"1714","CHE","SWE",0.401041666666667
"1715","CHE","THA",0.160714285714286
"1716","CHE","TUN",0.5
"1717","CHE","TUR",1
"1718","CHE","UKR",0.486486486486487
"1719","CHE","ARE",0.356382978723404
"1720","CHE","GBR",0.250982594048287
"1721","CHE","USA",0.279467680608365
"1722","TWN","AUS",1
"1723","TWN","AUT",0.363636363636364
"1724","TWN","CAN",0.467889908256881
"1725","TWN","CHN",0.246153846153846
"1726","TWN","FRA",0.4
"1727","TWN","DEU",1
"1728","TWN","HKG",0.394651011089367
"1729","TWN","IND",0.5
"1730","TWN","JPN",0.225728155339806
"1731","TWN","LUX",1
"1732","TWN","MAC",0.166666666666667
"1733","TWN","MYS",0.275471698113208
"1734","TWN","NLD",1
"1735","TWN","NZL",1
"1736","TWN","PHL",0.404129793510324
"1737","TWN","SGP",1
"1738","TWN","KOR",0.226575809199319
"1739","TWN","THA",0.308488612836439
"1740","TWN","TUR",1
"1741","TWN","ARE",0.642857142857143
"1742","TWN","GBR",1
"1743","TWN","USA",1
"1744","THA","AUS",0.0467836257309941
"1745","THA","AUT",0.153846153846154
"1746","THA","BHR",0.0666666666666667
"1747","THA","BEL",0.05
"1748","THA","BRN",0.0714285714285714
"1749","THA","CHN",0.0221674876847291
"1750","THA","DNK",0.032258064516129
"1751","THA","FIN",0.297297297297297
"1752","THA","FRA",0.431034482758621
"1753","THA","DEU",0.180645161290323
"1754","THA","HKG",0.265122265122265
"1755","THA","IND",0.0656634746922025
"1756","THA","JPN",0.131034482758621
"1757","THA","LUX",1
"1758","THA","MYS",0.0290771175726928
"1759","THA","NLD",1
"1760","THA","NZL",0.0357142857142857
"1761","THA","PHL",0.153061224489796
"1762","THA","QAT",0.477777777777778
"1763","THA","RUS",0.0125
"1764","THA","SGP",0.14745308310992
"1765","THA","KOR",0.154008438818565
"1766","THA","SWE",0.0333333333333333
"1767","THA","CHE",0.211538461538462
"1768","THA","TWN",0.287169042769857
"1769","THA","TUR",1
"1770","THA","ARE",0.278884462151394
"1771","THA","GBR",0.108527131782946
"1772","THA","USA",0.5
"1773","THA","VNM",1
"1774","TUN","FRA",0.444444444444444
"1775","TUN","DEU",0.357142857142857
"1776","TUN","ITA",0.75
"1777","TUN","MLT",0.6
"1778","TUN","ESP",0.333333333333333
"1779","TUR","DZA",1
"1780","TUR","AUT",0.866666666666667
"1781","TUR","BHR",0.151515151515152
"1782","TUR","BEL",1
"1783","TUR","BGR",1
"1784","TUR","CHN",1
"1785","TUR","HRV",1
"1786","TUR","CYP",1
"1787","TUR","CZE",0.766666666666667
"1788","TUR","DNK",0.847457627118644
"1789","TUR","FIN",1
"1790","TUR","FRA",0.755102040816326
"1791","TUR","DEU",1
"1792","TUR","GRC",0.298245614035088
"1793","TUR","HKG",1
"1794","TUR","HUN",0.681818181818182
"1795","TUR","IND",0.767441860465116
"1796","TUR","IRL",0.9
"1797","TUR","ISR",0.838028169014085
"1798","TUR","ITA",0.277272727272727
"1799","TUR","JOR",0.2
"1800","TUR","KAZ",0.0697674418604651
"1801","TUR","KWT",1
"1802","TUR","LBN",0.947368421052632
"1803","TUR","LUX",0.5
"1804","TUR","MLT",1
"1805","TUR","MAR",1
"1806","TUR","NLD",0.613095238095238
"1807","TUR","NOR",0.5
"1808","TUR","POL",1
"1809","TUR","QAT",0.904494382022472
"1810","TUR","ROU",1
"1811","TUR","RUS",1
"1812","TUR","SAU",0.09375
"1813","TUR","SRB",1
"1814","TUR","ZAF",1
"1815","TUR","KOR",1
"1816","TUR","ESP",0.623762376237624
"1817","TUR","SWE",1
"1818","TUR","CHE",1
"1819","TUR","TWN",1
"1820","TUR","THA",1
"1821","TUR","TUN",0.5
"1822","TUR","UKR",1
"1823","TUR","ARE",0.234513274336283
"1824","TUR","GBR",1
"1825","TUR","USA",1
"1826","TUR","UZB",1
"1827","UKR","AUT",0.485148514851485
"1828","UKR","BLR",1
"1829","UKR","BEL",0.1875
"1830","UKR","HRV",1
"1831","UKR","CYP",1
"1832","UKR","CZE",0.873015873015873
"1833","UKR","DNK",0.533333333333333
"1834","UKR","FRA",0.256
"1835","UKR","DEU",0.430992736077482
"1836","UKR","GRC",0.0510204081632653
"1837","UKR","HUN",0.4
"1838","UKR","IRL",0.333333333333333
"1839","UKR","ISR",0.154205607476636
"1840","UKR","ITA",0.378238341968912
"1841","UKR","LVA",0.104761904761905
"1842","UKR","LBN",1
"1843","UKR","LTU",1
"1844","UKR","NLD",1
"1845","UKR","POL",0.768939393939394
"1846","UKR","PRT",1
"1847","UKR","RUS",1
"1848","UKR","SRB",0.875
"1849","UKR","SVK",0.0357142857142857
"1850","UKR","ESP",0.19047619047619
"1851","UKR","SWE",0.0833333333333333
"1852","UKR","CHE",0.555555555555556
"1853","UKR","TUR",1
"1854","UKR","ARE",1
"1855","UKR","GBR",0.56
"1856","ARE","AUS",0.380753138075314
"1857","ARE","AUT",0.246153846153846
"1858","ARE","BHR",0.280519480519481
"1859","ARE","BGD",1
"1860","ARE","BEL",0.75
"1861","ARE","BRA",1
"1862","ARE","CAN",0.625
"1863","ARE","CHN",0.823529411764706
"1864","ARE","CYP",1
"1865","ARE","CZE",0.225352112676056
"1866","ARE","DNK",1
"1867","ARE","FIN",0.0714285714285714
"1868","ARE","FRA",0.608333333333333
"1869","ARE","DEU",0.480373831775701
"1870","ARE","GRC",0.238636363636364
"1871","ARE","HKG",0.749116607773852
"1872","ARE","HUN",0.0625
"1873","ARE","IND",0.384792626728111
"1874","ARE","IRN",1
"1875","ARE","IRL",0.362637362637363
"1876","ARE","ISR",1
"1877","ARE","ITA",0.375838926174497
"1878","ARE","JPN",0.517241379310345
"1879","ARE","KAZ",0.0882352941176471
"1880","ARE","KWT",1
"1881","ARE","LBN",0.674285714285714
"1882","ARE","LUX",1
"1883","ARE","MYS",0.408163265306122
"1884","ARE","MLT",1
"1885","ARE","NLD",0.73936170212766
"1886","ARE","NZL",0.127272727272727
"1887","ARE","NOR",0.333333333333333
"1888","ARE","PAK",1
"1889","ARE","PHL",0.674242424242424
"1890","ARE","POL",0.111111111111111
"1891","ARE","PRT",0.245614035087719
"1892","ARE","QAT",0.210526315789474
"1893","ARE","ROU",0.705882352941177
"1894","ARE","RUS",0.214574898785425
"1895","ARE","SAU",0.186024551463645
"1896","ARE","SRB",0.224137931034483
"1897","ARE","SGP",1
"1898","ARE","ZAF",0.289473684210526
"1899","ARE","KOR",1
"1900","ARE","ESP",0.627906976744186
"1901","ARE","SWE",0.225806451612903
"1902","ARE","CHE",0.347150259067358
"1903","ARE","TWN",0.902439024390244
"1904","ARE","THA",0.238493723849372
"1905","ARE","TUR",0.234782608695652
"1906","ARE","UKR",0.670886075949367
"1907","ARE","GBR",0.331807780320366
"1908","ARE","USA",0.506775067750677
"1909","GBR","DZA",0.032258064516129
"1910","GBR","ARG",0.26
"1911","GBR","AUT",0.320537428023033
"1912","GBR","BHR",0.238636363636364
"1913","GBR","BRB",0.241379310344828
"1914","GBR","BEL",0.538302277432712
"1915","GBR","BMU",0.4
"1916","GBR","BRA",0.771929824561403
"1917","GBR","BRN",0.0357142857142857
"1918","GBR","BGR",0.571428571428571
"1919","GBR","CAN",0.291666666666667
"1920","GBR","CHN",0.2
"1921","GBR","HRV",0.266233766233766
"1922","GBR","CYP",1
"1923","GBR","CZE",0.456175298804781
"1924","GBR","DNK",0.31945788964182
"1925","GBR","EST",0.771929824561403
"1926","GBR","FIN",0.24024024024024
"1927","GBR","FRA",0.389757233122714
"1928","GBR","DEU",0.454221663523989
"1929","GBR","GIB",1
"1930","GBR","GRC",0.502328675981371
"1931","GBR","GGY",0.338078291814947
"1932","GBR","HKG",0.468531468531469
"1933","GBR","HUN",0.489528795811518
"1934","GBR","ISL",0.45
"1935","GBR","IND",0.541254125412541
"1936","GBR","IRL",0.233252427184466
"1937","GBR","IMN",0.768115942028985
"1938","GBR","ISR",0.386666666666667
"1939","GBR","ITA",0.528738690792975
"1940","GBR","JPN",0.561224489795918
"1941","GBR","JEY",0.884531590413943
"1942","GBR","JOR",1
"1943","GBR","KWT",1
"1944","GBR","LVA",0.701923076923077
"1945","GBR","LBN",0.465116279069767
"1946","GBR","LTU",1
"1947","GBR","LUX",0.167832167832168
"1948","GBR","MYS",0.25609756097561
"1949","GBR","MLT",0.542116630669546
"1950","GBR","MAR",1
"1951","GBR","NLD",0.393608414239482
"1952","GBR","NOR",0.352272727272727
"1953","GBR","PHL",0.7
"1954","GBR","POL",0.800733496332518
"1955","GBR","PRT",0.745014245014245
"1956","GBR","QAT",0.517167381974249
"1957","GBR","ROU",1
"1958","GBR","RUS",0.458333333333333
"1959","GBR","SAU",0.126984126984127
"1960","GBR","SRB",0.211764705882353
"1961","GBR","SGP",0.666666666666667
"1962","GBR","SVK",0.657718120805369
"1963","GBR","SVN",0.171052631578947
"1964","GBR","ZAF",0.329032258064516
"1965","GBR","KOR",0.296875
"1966","GBR","ESP",0.594346829640947
"1967","GBR","SWE",0.239294710327456
"1968","GBR","CHE",0.280621046578493
"1969","GBR","TWN",1
"1970","GBR","THA",0.0909090909090909
"1971","GBR","TUN",0.166666666666667
"1972","GBR","TUR",1
"1973","GBR","UKR",0.515625
"1974","GBR","ARE",0.356481481481481
"1975","GBR","USA",0.301783264746228
"1976","USA","ARG",0.256603773584906
"1977","USA","AUS",0.544204322200393
"1978","USA","AUT",0.384105960264901
"1979","USA","BHR",1
"1980","USA","BRB",0.245614035087719
"1981","USA","BEL",0.856164383561644
"1982","USA","BLZ",1
"1983","USA","BMU",0.483974358974359
"1984","USA","BOL",0.590909090909091
"1985","USA","BRA",0.471103327495622
"1986","USA","CAN",0.189013689013689
"1987","USA","CHN",0.584070796460177
"1988","USA","CRI",0.467432950191571
"1989","USA","HRV",0.666666666666667
"1990","USA","CZE",0.05
"1991","USA","DNK",0.29004329004329
"1992","USA","ECU",0.121212121212121
"1993","USA","FIN",0.204819277108434
"1994","USA","FRA",0.344361917623228
"1995","USA","PYF",0.472972972972973
"1996","USA","DEU",0.513190642110503
"1997","USA","GRC",0.0449438202247191
"1998","USA","GTM",1
"1999","USA","HKG",0.472258064516129
"2000","USA","HUN",0.0697674418604651
"2001","USA","ISL",0.0779661016949153
"2002","USA","IND",0.696969696969697
"2003","USA","IRL",0.210767468499427
"2004","USA","ISR",0.45021645021645
"2005","USA","ITA",0.182417582417582
"2006","USA","JPN",1
"2007","USA","KEN",1
"2008","USA","LVA",1
"2009","USA","LBN",1
"2010","USA","LUX",1
"2011","USA","MLT",1
"2012","USA","MEX",1
"2013","USA","NLD",0.610414657666345
"2014","USA","NZL",0.522058823529412
"2015","USA","NOR",0.025
"2016","USA","PER",1
"2017","USA","PHL",0.793103448275862
"2018","USA","POL",0.311258278145695
"2019","USA","PRT",0.351515151515152
"2020","USA","QAT",0.766283524904215
"2021","USA","ROU",1
"2022","USA","RUS",0.255639097744361
"2023","USA","SAU",0.116279069767442
"2024","USA","SRB",0.235294117647059
"2025","USA","SGP",0.375
"2026","USA","ZAF",0.0151515151515152
"2027","USA","KOR",1
"2028","USA","ESP",0.143478260869565
"2029","USA","SWE",0.0575539568345324
"2030","USA","CHE",0.272893772893773
"2031","USA","TWN",1
"2032","USA","THA",1
"2033","USA","TUR",1
"2034","USA","UKR",0.0952380952380952
"2035","USA","ARE",0.565727699530516
"2036","USA","GBR",0.297812097812098
"2037","USA","ZMB",0.402439024390244
"2038","UZB","DEU",0.25
"2039","UZB","IND",0.333333333333333
"2040","UZB","RUS",0.756756756756757
"2041","UZB","TUR",1
"2042","UZB","ARE",0.333333333333333
"2043","VNM","HKG",1
"2044","VNM","JPN",1
"2045","VNM","MYS",1
"2046","VNM","SGP",1
"2047","VNM","KOR",1
"2048","VNM","TWN",1
"2049","VNM","THA",1
"2050","ZMB","USA",0.623529411764706
